Protein,Epitope,Type,Start_Pos,End_Pos,Antigenicity,Allergenicity,Toxicity,Binding_Affinity,Conserved,Immunogenicity,Allele,PDB_ID,Structure_URL,UniProt_ID,Subcellular_Location
L,DPLSSFCAR,MHC-I,318,327,0.91,Non-allergen,Non-toxic,0.92,Yes,0.81,-,7V1O,https://www.rcsb.org/structure/7V1O,Q9IH65,Endoplasmic Reticulum
F,KSGWEMREG,MHC-II,487,496,0.75,Non-allergen,Non-toxic,0.89,Yes,0.85,HLA-A*02:01,5EVM,https://www.rcsb.org/structure/5EVM,Q9IH65,Cytoplasm
L,VMSIFVCPY,MHC-I,361,370,0.85,Non-allergen,Non-toxic,0.86,Yes,0.74,-,7V1O,https://www.rcsb.org/structure/7V1O,Q9IH63,Nucleus
F,VMCLDSGYL,MHC-I,482,491,0.91,Non-allergen,Non-toxic,0.84,Yes,0.8,HLA-A*02:01,6VYO,https://www.rcsb.org/structure/6VYO,Q9IH64,Plasma Membrane
G,EFNGTFGND,B-cell,337,346,0.89,Non-allergen,Non-toxic,0.85,Yes,0.76,HLA-DRB1*01:01,6VYO,https://www.rcsb.org/structure/6VYO,Q9IH64,Plasma Membrane
L,FPLWILMDW,B-cell,418,427,0.86,Non-allergen,Non-toxic,0.81,Yes,0.74,HLA-A*02:01,4G1G,https://www.rcsb.org/structure/4G1G,Q9IH64,Cytoplasm
L,DCTGAMAVS,B-cell,24,33,0.83,Non-allergen,Non-toxic,0.94,Yes,0.81,HLA-B*07:02,5EVM,https://www.rcsb.org/structure/5EVM,Q9IH65,Nucleus
F,WVQIHTWGS,MHC-I,1,10,0.82,Non-allergen,Non-toxic,0.84,Yes,0.87,HLA-A*02:01,4G1G,https://www.rcsb.org/structure/4G1G,Q9IH65,Nucleus
F,MWVYIEWRQ,B-cell,321,330,0.82,Non-allergen,Non-toxic,0.85,Yes,0.88,HLA-DRB1*01:01,6VYO,https://www.rcsb.org/structure/6VYO,Q9IH64,Cytoplasm
G,LEEIRQWYL,B-cell,137,146,0.95,Non-allergen,Non-toxic,0.79,Yes,0.87,-,7V1O,https://www.rcsb.org/structure/7V1O,Q9IH63,Endoplasmic Reticulum
G,DVMIAFNQI,MHC-II,143,152,0.73,Non-allergen,Non-toxic,0.82,Yes,0.84,HLA-A*02:01,4G1G,https://www.rcsb.org/structure/4G1G,Q9IH64,Nucleus
N,TMKLCPHRH,B-cell,14,23,0.73,Non-allergen,Non-toxic,0.86,Yes,0.75,-,7V1O,https://www.rcsb.org/structure/7V1O,Q9IH65,Cytoplasm
G,EGTMRLCMY,B-cell,296,305,0.91,Non-allergen,Non-toxic,0.95,Yes,0.75,-,5EVM,https://www.rcsb.org/structure/5EVM,Q9IH64,Cytoplasm
L,LTSTWTHEV,B-cell,441,450,0.92,Non-allergen,Non-toxic,0.97,Yes,0.72,HLA-A*02:01,6VYO,https://www.rcsb.org/structure/6VYO,Q9IH63,Cytoplasm
L,WARCDKREQ,MHC-I,160,169,0.71,Non-allergen,Non-toxic,0.76,Yes,0.85,HLA-A*02:01,6VYO,https://www.rcsb.org/structure/6VYO,Q9IH63,Endoplasmic Reticulum
G,QVMINFWVC,B-cell,139,148,0.87,Non-allergen,Non-toxic,0.82,Yes,0.82,HLA-A*02:01,7V1O,https://www.rcsb.org/structure/7V1O,Q9IH63,Nucleus
L,INDGFALVQ,MHC-II,335,344,0.65,Non-allergen,Non-toxic,0.9,Yes,0.72,-,5EVM,https://www.rcsb.org/structure/5EVM,Q9IH63,Endosome
N,VTRQQNTWQ,MHC-I,371,380,0.67,Non-allergen,Non-toxic,0.85,Yes,0.87,-,5EVM,https://www.rcsb.org/structure/5EVM,Q9IH62,Nucleus
N,GFSNTFLPD,B-cell,162,171,0.7,Non-allergen,Non-toxic,0.75,Yes,0.89,-,7V1O,https://www.rcsb.org/structure/7V1O,Q9IH62,Nucleus
L,ADANWEHIM,MHC-II,107,116,0.84,Non-allergen,Non-toxic,0.84,Yes,0.71,HLA-B*07:02,6VYO,https://www.rcsb.org/structure/6VYO,Q9IH64,Endoplasmic Reticulum
N,WMAAVVERS,MHC-I,411,420,0.94,Non-allergen,Non-toxic,0.96,Yes,0.86,-,5EVM,https://www.rcsb.org/structure/5EVM,Q9IH65,Endosome
G,PSSRCRPRL,MHC-I,5,14,0.69,Non-allergen,Non-toxic,0.95,Yes,0.71,-,4G1G,https://www.rcsb.org/structure/4G1G,Q9IH62,Cytoplasm
G,QFINFKTVP,MHC-II,322,331,0.86,Non-allergen,Non-toxic,0.76,Yes,0.75,-,7V1O,https://www.rcsb.org/structure/7V1O,Q9IH63,Cytoplasm
G,VKNTVDGAY,B-cell,246,255,0.89,Non-allergen,Non-toxic,0.95,Yes,0.74,-,4G1G,https://www.rcsb.org/structure/4G1G,Q9IH62,Plasma Membrane
L,DAPSFEDEW,MHC-I,413,422,0.92,Non-allergen,Non-toxic,0.82,Yes,0.88,HLA-DRB1*01:01,7V1O,https://www.rcsb.org/structure/7V1O,Q9IH62,Plasma Membrane
N,MDHWTDNEY,MHC-I,315,324,0.64,Non-allergen,Non-toxic,0.89,Yes,0.77,HLA-A*02:01,6VYO,https://www.rcsb.org/structure/6VYO,Q9IH65,Nucleus
G,VDRVCRIKP,MHC-I,445,454,0.78,Non-allergen,Non-toxic,0.9,Yes,0.85,HLA-A*02:01,5EVM,https://www.rcsb.org/structure/5EVM,Q9IH62,Endosome
N,VGCCDTRVI,B-cell,407,416,0.95,Non-allergen,Non-toxic,0.87,Yes,0.82,HLA-DRB1*01:01,6VYO,https://www.rcsb.org/structure/6VYO,Q9IH62,Endoplasmic Reticulum
F,TDHMPFMAK,MHC-II,448,457,0.92,Non-allergen,Non-toxic,0.84,Yes,0.86,HLA-A*02:01,4G1G,https://www.rcsb.org/structure/4G1G,Q9IH64,Endoplasmic Reticulum
N,ADQQYIPPY,B-cell,285,294,0.74,Non-allergen,Non-toxic,0.88,Yes,0.71,-,5EVM,https://www.rcsb.org/structure/5EVM,Q9IH63,Endosome
L,TQDMLNCVQ,MHC-I,493,502,0.9,Non-allergen,Non-toxic,0.9,Yes,0.71,HLA-A*02:01,4G1G,https://www.rcsb.org/structure/4G1G,Q9IH64,Cytoplasm
F,PIEGDHCCR,MHC-II,442,451,0.66,Non-allergen,Non-toxic,0.88,Yes,0.78,-,5EVM,https://www.rcsb.org/structure/5EVM,Q9IH64,Endosome
L,YGNVPHCFQ,MHC-II,493,502,0.94,Non-allergen,Non-toxic,0.83,Yes,0.84,HLA-DRB1*01:01,4G1G,https://www.rcsb.org/structure/4G1G,Q9IH62,Cytoplasm
L,AADVTEVFQ,MHC-II,343,352,0.86,Non-allergen,Non-toxic,0.86,Yes,0.79,HLA-DRB1*01:01,4G1G,https://www.rcsb.org/structure/4G1G,Q9IH63,Plasma Membrane
G,FVMNMYKQS,MHC-I,354,363,0.74,Non-allergen,Non-toxic,0.87,Yes,0.87,HLA-A*02:01,4G1G,https://www.rcsb.org/structure/4G1G,Q9IH63,Endoplasmic Reticulum
F,PNQAMLRFI,MHC-I,37,46,0.88,Non-allergen,Non-toxic,0.75,Yes,0.87,-,6VYO,https://www.rcsb.org/structure/6VYO,Q9IH64,Nucleus
N,CAQNTIECR,MHC-II,131,140,0.89,Non-allergen,Non-toxic,0.92,Yes,0.89,-,7V1O,https://www.rcsb.org/structure/7V1O,Q9IH62,Endoplasmic Reticulum
G,MFLERKHID,MHC-I,422,431,0.73,Non-allergen,Non-toxic,0.88,Yes,0.77,HLA-A*02:01,6VYO,https://www.rcsb.org/structure/6VYO,Q9IH63,Nucleus
L,GWHHWVKNP,MHC-I,199,208,0.73,Non-allergen,Non-toxic,0.89,Yes,0.72,HLA-DRB1*01:01,4G1G,https://www.rcsb.org/structure/4G1G,Q9IH62,Endoplasmic Reticulum
L,VCPLLCLVK,MHC-I,280,289,0.88,Non-allergen,Non-toxic,0.92,Yes,0.77,HLA-DRB1*01:01,5EVM,https://www.rcsb.org/structure/5EVM,Q9IH65,Endosome
G,LTNNEWLGN,MHC-I,42,51,0.9,Non-allergen,Non-toxic,0.89,Yes,0.7,HLA-DRB1*01:01,6VYO,https://www.rcsb.org/structure/6VYO,Q9IH62,Plasma Membrane
F,PLGGHCIMA,B-cell,458,467,0.61,Non-allergen,Non-toxic,0.84,Yes,0.85,HLA-A*02:01,5EVM,https://www.rcsb.org/structure/5EVM,Q9IH64,Endoplasmic Reticulum
G,WTLVPHQLS,MHC-II,156,165,0.8,Non-allergen,Non-toxic,0.84,Yes,0.87,HLA-A*02:01,5EVM,https://www.rcsb.org/structure/5EVM,Q9IH62,Endosome
G,SPKVSEQCR,B-cell,152,161,0.93,Non-allergen,Non-toxic,0.9,Yes,0.82,-,6VYO,https://www.rcsb.org/structure/6VYO,Q9IH63,Plasma Membrane
G,ANCDHSDIG,B-cell,36,45,0.79,Non-allergen,Non-toxic,0.95,Yes,0.77,HLA-DRB1*01:01,5EVM,https://www.rcsb.org/structure/5EVM,Q9IH62,Plasma Membrane
F,DPIGERCMM,MHC-I,1,10,0.91,Non-allergen,Non-toxic,0.93,Yes,0.89,HLA-B*07:02,7V1O,https://www.rcsb.org/structure/7V1O,Q9IH64,Cytoplasm
G,ITMEMCLHM,B-cell,439,448,0.64,Non-allergen,Non-toxic,0.96,Yes,0.75,HLA-DRB1*01:01,6VYO,https://www.rcsb.org/structure/6VYO,Q9IH62,Cytoplasm
N,QDFQKHLIV,MHC-II,285,294,0.81,Non-allergen,Non-toxic,0.91,Yes,0.7,HLA-A*02:01,4G1G,https://www.rcsb.org/structure/4G1G,Q9IH63,Nucleus
L,DIVFQMPDY,MHC-II,43,52,0.94,Non-allergen,Non-toxic,0.89,Yes,0.73,HLA-DRB1*01:01,7V1O,https://www.rcsb.org/structure/7V1O,Q9IH64,Nucleus
G,WDEKPMAEL,B-cell,32,41,0.64,Non-allergen,Non-toxic,0.91,Yes,0.76,HLA-DRB1*01:01,6VYO,https://www.rcsb.org/structure/6VYO,Q9IH64,Nucleus
L,RAYQTQCPY,B-cell,214,223,0.78,Non-allergen,Non-toxic,0.89,Yes,0.86,HLA-DRB1*01:01,6VYO,https://www.rcsb.org/structure/6VYO,Q9IH62,Cytoplasm
G,HACFWMIFP,MHC-I,288,297,0.61,Non-allergen,Non-toxic,0.91,Yes,0.77,-,7V1O,https://www.rcsb.org/structure/7V1O,Q9IH62,Endoplasmic Reticulum
N,MCSWSWDIS,MHC-II,408,417,0.71,Non-allergen,Non-toxic,0.94,Yes,0.84,HLA-DRB1*01:01,5EVM,https://www.rcsb.org/structure/5EVM,Q9IH65,Endosome
N,VQDLEASYM,B-cell,144,153,0.87,Non-allergen,Non-toxic,0.9,Yes,0.74,-,7V1O,https://www.rcsb.org/structure/7V1O,Q9IH62,Endoplasmic Reticulum
N,QATYDKDCQ,B-cell,376,385,0.61,Non-allergen,Non-toxic,0.88,Yes,0.9,HLA-A*02:01,6VYO,https://www.rcsb.org/structure/6VYO,Q9IH63,Endoplasmic Reticulum
N,WRYRHQKIT,MHC-I,11,20,0.89,Non-allergen,Non-toxic,0.91,Yes,0.75,HLA-B*07:02,4G1G,https://www.rcsb.org/structure/4G1G,Q9IH64,Endoplasmic Reticulum
N,YPEMEKCKP,B-cell,245,254,0.71,Non-allergen,Non-toxic,0.9,Yes,0.82,HLA-A*02:01,5EVM,https://www.rcsb.org/structure/5EVM,Q9IH62,Plasma Membrane
F,MAPALMPDM,MHC-I,318,327,0.9,Non-allergen,Non-toxic,0.97,Yes,0.77,HLA-DRB1*01:01,6VYO,https://www.rcsb.org/structure/6VYO,Q9IH64,Cytoplasm
L,QFFMEEINM,MHC-II,335,344,0.77,Non-allergen,Non-toxic,0.79,Yes,0.76,HLA-DRB1*01:01,7V1O,https://www.rcsb.org/structure/7V1O,Q9IH63,Endosome
N,VAYVKKQWW,MHC-II,244,253,0.79,Non-allergen,Non-toxic,0.95,Yes,0.81,HLA-B*07:02,6VYO,https://www.rcsb.org/structure/6VYO,Q9IH65,Nucleus
